{"accuracy": [0.7185062170028687, 0.8871369361877441, 0.9160165786743164, 0.9292945861816406, 0.9400829672813416, 0.9453942179679871, 0.9477178454399109, 0.954356849193573, 0.9558506011962891, 0.9626556038856506, 0.9636514782905579, 0.9618257284164429, 0.9629875421524048, 0.9644813537597656, 0.9609958529472351, 0.9674688577651978, 0.9634854793548584, 0.9651452302932739, 0.9649792313575745, 0.9676348567008972, 0.9631535410881042, 0.9692946076393127, 0.9668049812316895, 0.9706224203109741, 0.9689626693725586], "val_accuracy": [0.6710650324821472, 0.7181903719902039, 0.7295004725456238, 0.7436380982398987, 0.7587181925773621, 0.7540056705474854, 0.7247879505157471, 0.7577756643295288, 0.7558906674385071, 0.770028293132782, 0.7502356171607971, 0.7426955699920654, 0.764373242855072, 0.7662582397460938, 0.761545717716217, 0.772855818271637, 0.7719132900238037, 0.7587181925773621, 0.7502356171607971, 0.7794533371925354, 0.7653157114982605, 0.7634307146072388, 0.7662582397460938, 0.7737982869148254, 0.7521206140518188], "loss": [0.8043403029441833, 0.3486658036708832, 0.2531237304210663, 0.22530597448349, 0.18803401291370392, 0.16990037262439728, 0.1682504266500473, 0.15162038803100586, 0.13513559103012085, 0.1259010136127472, 0.11183949559926987, 0.11007148027420044, 0.10819245874881744, 0.10863828659057617, 0.10403813421726227, 0.10463515669107437, 0.11317241936922073, 0.10521328449249268, 0.10222073644399643, 0.10193087160587311, 0.1018088161945343, 0.09358861297369003, 0.09961249679327011, 0.08977335691452026, 0.10155124217271805], "val_loss": [1.1236159801483154, 0.9937907457351685, 1.0336463451385498, 0.9765209555625916, 0.9739746451377869, 0.9632136225700378, 1.1408863067626953, 0.9193845391273499, 1.0817075967788696, 0.9698054790496826, 1.062576413154602, 1.0501022338867188, 1.0847268104553223, 0.9916279911994934, 0.9630367159843445, 0.9640911817550659, 0.998197615146637, 1.0290769338607788, 1.0359703302383423, 0.9524130821228027, 1.036338210105896, 1.0569233894348145, 0.976234495639801, 0.9902902841567993, 1.0159504413604736], "precision": [0.7643419504165649, 0.9084628820419312, 0.9300937652587891, 0.940816342830658, 0.9504481554031372, 0.952637791633606, 0.9541253447532654, 0.9603627920150757, 0.9623275995254517, 0.967460572719574, 0.9685039520263672, 0.9676283001899719, 0.9669007062911987, 0.9693775177001953, 0.9678068161010742, 0.971562385559082, 0.96612149477005, 0.9695346355438232, 0.9702141880989075, 0.9708932638168335, 0.9688494205474854, 0.973362386226654, 0.9710896015167236, 0.974440336227417, 0.9722408056259155], "recall": [0.6766805052757263, 0.8730290532112122, 0.9053941965103149, 0.9181742668151855, 0.9327800869941711, 0.9380912780761719, 0.9424066543579102, 0.9490456581115723, 0.9497095346450806, 0.9573444128036499, 0.959502100944519, 0.9575103521347046, 0.9599999785423279, 0.9614937901496887, 0.9580082893371582, 0.963983416557312, 0.9608298540115356, 0.9613277912139893, 0.9623236656188965, 0.9633194804191589, 0.9601659774780273, 0.9643153548240662, 0.9644813537597656, 0.9681327939033508, 0.9649792313575745]}